make,model,year,mileage_km,condition,transmission,fuel_type,price_rm
Toyota,Camry,2018,110610,Good,Automatic,Petrol,98330
Toyota,Hilux,2017,123860,Excellent,Automatic,Petrol,74590
Toyota,Corolla,2018,96311,Good,CVT,Petrol,62775
Toyota,RAV4,2018,86317,Fair,Automatic,Petrol,16594
Toyota,Corolla,2023,24173,Good,CVT,Petrol,25072
Toyota,Corolla,2017,108879,Poor,Automatic,Petrol,23454
Toyota,RAV4,2023,41073,Good,Manual,Petrol,47414
Toyota,Vios,2021,54354,Like New,CVT,Petrol,68783
Toyota,Vios,2025,26005,New,CVT,Petrol,50583
Toyota,Vios,2013,162897,Good,Manual,Petrol,27563
Toyota,Hilux,2014,157594,Fair,Automatic,Petrol,25082
Toyota,Camry,2013,192121,Good,Manual,Petrol,59546
Toyota,Camry,2013,150982,Fair,Automatic,Petrol,48159
Toyota,Corolla,2022,34981,Excellent,CVT,Petrol,79931
Toyota,Hilux,2022,28689,Good,CVT,Petrol,103661
Toyota,Hilux,2025,1000,New,CVT,Petrol,126036
Toyota,Hilux,2016,126087,Good,Manual,Petrol,76993
Toyota,RAV4,2019,85913,Poor,Manual,Petrol,35068
Toyota,Hilux,2015,141637,Good,Manual,Petrol,54417
Toyota,Hilux,2017,94115,Fair,Automatic,Petrol,39146
Toyota,Vios,2010,239741,Fair,Manual,Petrol,9969
Toyota,RAV4,2019,92548,Good,Automatic,Petrol,34430
Toyota,Hilux,2021,53451,Excellent,Automatic,Petrol,116271
Toyota,RAV4,2021,57118,Excellent,CVT,Petrol,68008
Toyota,Corolla,2019,93609,Good,Automatic,Petrol,64313
Toyota,Camry,2011,199300,Poor,Manual,Petrol,30144
Toyota,Vios,2021,59486,Excellent,Automatic,Petrol,18914
Toyota,Camry,2013,180496,Fair,Automatic,Petrol,43156
Toyota,Hilux,2019,93742,Good,Automatic,Petrol,77818
Toyota,Hilux,2024,13390,Excellent,CVT,Petrol,112887
Toyota,Camry,2014,158435,Good,Automatic,Petrol,81278
Toyota,RAV4,2015,145281,Excellent,CVT,Petrol,81952
Toyota,Camry,2015,152653,Good,Automatic,Petrol,33400
Toyota,Vios,2024,7794,New,Automatic,Petrol,27506
Toyota,RAV4,2019,99574,Fair,CVT,Petrol,75330
Toyota,Hilux,2014,142729,Fair,Manual,Petrol,20216
Toyota,Corolla,2010,224215,Fair,Automatic,Petrol,13203
Toyota,RAV4,2019,95753,Fair,CVT,Petrol,24504
Toyota,Vios,2012,183464,Good,CVT,Petrol,9221
Toyota,RAV4,2018,97886,Good,CVT,Petrol,74261
Toyota,Corolla,2023,39228,Fair,Automatic,Petrol,64872
Toyota,RAV4,2022,66819,Good,CVT,Petrol,127492
Toyota,Hilux,2015,144890,Good,CVT,Petrol,18653
Toyota,Camry,2019,70691,Excellent,Automatic,Petrol,42791
Toyota,Corolla,2022,65547,Good,Automatic,Petrol,63043
Toyota,Corolla,2019,73827,Good,Automatic,Petrol,56592
Toyota,Camry,2020,82575,Good,Automatic,Petrol,44118
Toyota,RAV4,2012,185406,Good,Manual,Petrol,31072
Toyota,Hilux,2012,176815,Fair,Automatic,Petrol,37253
Toyota,Hilux,2015,142030,Excellent,Automatic,Petrol,79056
Toyota,RAV4,2018,112235,Good,CVT,Petrol,92973
Toyota,Camry,2020,75063,Excellent,CVT,Hybrid,130209
Toyota,Hilux,2023,7052,Excellent,CVT,Petrol,50233
Toyota,Vios,2020,74177,Good,CVT,Petrol,42677
Toyota,Camry,2015,124949,Good,Automatic,Petrol,48372
Toyota,Corolla,2020,85524,Like New,Automatic,Petrol,89175
Toyota,Camry,2024,30833,New,Automatic,Petrol,150184
Toyota,Corolla,2015,145806,Good,CVT,Petrol,14409
Toyota,RAV4,2022,48578,Like New,CVT,Petrol,143302
Toyota,Corolla,2018,93655,Good,Automatic,Petrol,65870
Toyota,RAV4,2019,90637,Fair,CVT,Petrol,57589
Toyota,Vios,2025,10849,New,CVT,Petrol,82138
Toyota,Vios,2025,1258,New,CVT,Petrol,25419
Toyota,Corolla,2024,20958,Excellent,CVT,Petrol,60068
Toyota,Camry,2024,10596,Like New,Automatic,Petrol,125820
Toyota,Hilux,2015,142374,Fair,Automatic,Petrol,42260
Toyota,RAV4,2020,80773,Excellent,CVT,Petrol,24335
Toyota,Corolla,2022,43473,Good,Automatic,Petrol,25880
Toyota,Hilux,2016,126348,Good,Automatic,Petrol,81894
Toyota,Vios,2018,98393,Poor,Automatic,Petrol,29323
Toyota,Camry,2021,28603,Excellent,CVT,Petrol,133410
Toyota,Camry,2014,150181,Fair,CVT,Petrol,60214
Toyota,Hilux,2025,12892,New,CVT,Petrol,144745
Toyota,RAV4,2016,115943,Good,CVT,Petrol,85909
Toyota,Vios,2022,31290,Excellent,CVT,Petrol,32821
Toyota,Hilux,2025,1000,New,CVT,Petrol,137887
Toyota,Corolla,2021,60261,Like New,CVT,Petrol,67414
Toyota,RAV4,2010,215205,Poor,CVT,Petrol,18762
Toyota,Camry,2023,28205,Good,CVT,Petrol,138055
Toyota,Corolla,2017,92499,Fair,Automatic,Petrol,27905
Toyota,RAV4,2023,14832,Excellent,CVT,Petrol,32364
Toyota,Vios,2023,37140,Good,Automatic,Petrol,36394
Toyota,Vios,2025,1000,Good,CVT,Petrol,43303
Toyota,RAV4,2017,106466,Fair,Automatic,Petrol,35983
Toyota,Corolla,2015,133837,Good,Automatic,Petrol,49525
Toyota,Hilux,2022,49405,Excellent,Automatic,Petrol,88427
Toyota,Vios,2021,39568,Fair,CVT,Petrol,32423
Toyota,RAV4,2024,32269,New,CVT,Petrol,77279
Toyota,Hilux,2018,99454,Good,Automatic,Petrol,79006
Toyota,Camry,2020,62618,Good,CVT,Petrol,66666
Toyota,Vios,2024,1000,Excellent,Automatic,Petrol,16661
Toyota,Vios,2019,72068,Good,CVT,Petrol,26677
Toyota,Corolla,2018,99377,Good,CVT,Petrol,14774
Toyota,Camry,2011,213260,Fair,Manual,Petrol,48528
Toyota,Camry,2025,26691,New,Automatic,Petrol,70713
Toyota,Vios,2015,147167,Good,CVT,Petrol,36707
Toyota,Corolla,2025,1000,Like New,CVT,Petrol,87113
Toyota,Corolla,2018,94088,Good,Automatic,Petrol,47980
Toyota,Corolla,2016,129230,Good,CVT,Petrol,59466
Toyota,Corolla,2021,51328,Good,Automatic,Petrol,77075
Toyota,Camry,2022,43165,Excellent,CVT,Petrol,113536
Toyota,Hilux,2025,20121,New,Automatic,Petrol,60879
Toyota,Corolla,2018,89971,Good,CVT,Petrol,15148
Toyota,Camry,2024,3349,Like New,CVT,Petrol,44272
Toyota,RAV4,2016,115349,Good,Automatic,Petrol,64267
Toyota,Vios,2018,98766,Good,Manual,Petrol,13044
Toyota,Camry,2023,34154,Excellent,CVT,Petrol,60263
Toyota,Camry,2025,12429,New,CVT,Petrol,141758
Toyota,Camry,2018,95892,Fair,Automatic,Petrol,69043
Toyota,Hilux,2011,214375,Poor,CVT,Petrol,20848
Toyota,Hilux,2013,162786,Good,Automatic,Petrol,19164
Toyota,RAV4,2021,50032,Fair,Automatic,Petrol,53092
Toyota,Vios,2017,77929,Good,Automatic,Petrol,44517
Toyota,RAV4,2018,88224,Poor,CVT,Petrol,62345
Toyota,Vios,2020,83545,Good,CVT,Petrol,35091
Toyota,Hilux,2014,139634,Poor,CVT,Petrol,31079
Toyota,RAV4,2021,51450,Good,Automatic,Hybrid,42114
Toyota,Vios,2017,91405,Good,CVT,Petrol,45725
Toyota,Vios,2013,147427,Fair,Manual,Petrol,32263
Toyota,Vios,2025,4792,Like New,Automatic,Petrol,19065
Toyota,Vios,2024,1576,Like New,Automatic,Petrol,81993
Toyota,Camry,2014,152818,Poor,Automatic,Petrol,30587
Toyota,Camry,2023,48632,Good,CVT,Hybrid,132037
Toyota,Corolla,2021,50159,Like New,CVT,Petrol,58550
Toyota,Vios,2014,156856,Fair,Automatic,Petrol,25932
Toyota,Vios,2018,85280,Good,Automatic,Petrol,49263
Toyota,Hilux,2015,136270,Good,Automatic,Petrol,72993
Toyota,RAV4,2017,112487,Good,Automatic,Petrol,44268
Toyota,RAV4,2022,38680,Excellent,CVT,Petrol,127725
Toyota,Hilux,2023,30820,Fair,Automatic,Petrol,22860
Toyota,Vios,2020,64792,Good,Automatic,Petrol,45290
Toyota,Camry,2024,15935,Excellent,CVT,Petrol,142589
Toyota,RAV4,2024,14650,Like New,CVT,Petrol,138661
Toyota,RAV4,2024,5224,New,CVT,Hybrid,115292
Toyota,Camry,2025,1000,New,CVT,Petrol,141787
Toyota,Camry,2024,38340,Excellent,CVT,Petrol,71995
Toyota,RAV4,2020,62424,Like New,CVT,Petrol,65364
Toyota,Camry,2021,55290,Excellent,CVT,Petrol,92874
Toyota,Corolla,2015,146793,Good,CVT,Petrol,53195
Toyota,RAV4,2018,109042,Good,CVT,Petrol,25732
Toyota,Camry,2019,81796,Good,CVT,Petrol,60624
Toyota,Vios,2022,58167,Good,Automatic,Petrol,64305
Toyota,Vios,2022,30986,Fair,Automatic,Petrol,12408
Toyota,Camry,2024,27276,Good,Automatic,Petrol,76305
Toyota,Camry,2022,46474,Like New,CVT,Petrol,144136
Toyota,Vios,2021,51629,Good,Manual,Petrol,19481
Toyota,Vios,2025,12268,New,Manual,Petrol,32120
Toyota,Corolla,2024,3208,New,Automatic,Petrol,39065
Toyota,Corolla,2020,41512,Excellent,CVT,Petrol,61270
Toyota,Camry,2011,185455,Fair,CVT,Petrol,27798
Toyota,Hilux,2025,10299,Excellent,CVT,Petrol,61481
Toyota,Corolla,2013,171232,Good,CVT,Petrol,13885
Toyota,Corolla,2012,179130,Fair,Automatic,Petrol,14645
Toyota,RAV4,2014,147535,Poor,Automatic,Petrol,36463
Toyota,Corolla,2021,64825,Good,CVT,Petrol,32365
Toyota,Camry,2014,148455,Fair,Automatic,Petrol,59180
Toyota,Camry,2017,91466,Good,Automatic,Petrol,86959
Toyota,RAV4,2023,16700,Good,Automatic,Petrol,64551
Toyota,Camry,2018,103175,Good,Automatic,Petrol,86735
Toyota,RAV4,2012,190464,Fair,CVT,Petrol,15067
Toyota,Corolla,2016,122999,Good,Automatic,Petrol,32273
Toyota,Camry,2021,35852,Good,CVT,Petrol,71201
Toyota,Corolla,2023,26714,Good,CVT,Petrol,73526
Toyota,Camry,2010,214344,Poor,Manual,Petrol,30660
Toyota,Hilux,2024,26972,New,CVT,Petrol,99246
Toyota,RAV4,2010,215201,Poor,Automatic,Petrol,16333
Toyota,Camry,2025,19650,New,Automatic,Petrol,77548
Toyota,Vios,2022,55111,Excellent,Automatic,Petrol,62427
Toyota,Hilux,2012,184328,Poor,Manual,Petrol,13769
Toyota,Corolla,2014,144023,Fair,CVT,Petrol,17868
Toyota,Vios,2022,65431,Excellent,Automatic,Petrol,53198
Toyota,Corolla,2012,185760,Poor,Manual,Petrol,21574
Toyota,Corolla,2024,3229,Excellent,CVT,Petrol,52975
Toyota,Vios,2021,56848,Good,CVT,Petrol,36922
Toyota,Corolla,2010,213235,Good,Automatic,Petrol,13076
Toyota,RAV4,2023,34585,Good,CVT,Petrol,113852
Toyota,Corolla,2015,119402,Fair,Automatic,Petrol,26195
Toyota,Hilux,2018,88870,Good,CVT,Petrol,54189
Toyota,Hilux,2025,15984,New,CVT,Petrol,129365
Toyota,Corolla,2016,154543,Good,Manual,Petrol,34352
Toyota,Corolla,2021,50647,Excellent,Manual,Petrol,72401
Toyota,Corolla,2023,22234,Excellent,Automatic,Hybrid,90621
Toyota,Vios,2016,119559,Excellent,Manual,Petrol,48989
Toyota,Hilux,2025,2554,Like New,Automatic,Petrol,36038
Toyota,Vios,2022,33893,Like New,CVT,Petrol,33089
Toyota,Vios,2021,59714,Like New,CVT,Petrol,55644
Toyota,RAV4,2014,164677,Fair,CVT,Petrol,15629
Toyota,RAV4,2019,73031,Good,CVT,Petrol,86999
Toyota,Corolla,2013,164928,Fair,Automatic,Petrol,32135
Toyota,Corolla,2022,41625,Excellent,Automatic,Petrol,20089
Toyota,Corolla,2015,139897,Good,CVT,Petrol,54610
Toyota,Corolla,2025,5882,New,Automatic,Petrol,106186
Toyota,RAV4,2012,175596,Fair,Manual,Petrol,18326
Toyota,Hilux,2018,96743,Excellent,CVT,Petrol,92224
Toyota,Camry,2011,188546,Poor,Manual,Petrol,32375
Toyota,Corolla,2024,12420,New,Automatic,Petrol,107575
Toyota,Hilux,2010,202891,Fair,Automatic,Petrol,42793
Toyota,Corolla,2020,92435,Excellent,CVT,Petrol,58038
Toyota,Corolla,2024,37272,New,CVT,Petrol,98310
Toyota,Vios,2023,50733,Excellent,Automatic,Petrol,70261
Toyota,RAV4,2016,149163,Good,CVT,Petrol,71504
Toyota,Camry,2019,102125,Excellent,CVT,Petrol,57822
Toyota,Vios,2010,211226,Fair,Manual,Petrol,7986
Toyota,Corolla,2017,126428,Good,Automatic,Petrol,38457
Toyota,RAV4,2025,19685,Like New,CVT,Petrol,81645
Toyota,RAV4,2022,62388,Excellent,CVT,Petrol,117342
Toyota,Corolla,2010,208653,Fair,Automatic,Petrol,18666
Toyota,Camry,2016,127152,Fair,CVT,Petrol,65778
Toyota,RAV4,2018,105271,Fair,Automatic,Petrol,53253
Toyota,Vios,2025,9165,New,Automatic,Petrol,34337
Toyota,Vios,2024,1000,Good,Automatic,Petrol,49812
Toyota,Camry,2012,199896,Fair,Manual,Petrol,17473
Toyota,Corolla,2019,95879,Good,CVT,Petrol,53508
Toyota,Corolla,2021,61610,Excellent,CVT,Petrol,44787
Toyota,Camry,2025,11948,New,Automatic,Petrol,133903
Toyota,Hilux,2021,66678,Good,Automatic,Petrol,103535
Toyota,RAV4,2020,53689,Excellent,Automatic,Petrol,53696
Toyota,Corolla,2013,165314,Fair,Automatic,Petrol,12068
Toyota,Vios,2022,30090,Excellent,CVT,Petrol,42873
Toyota,RAV4,2019,69937,Good,CVT,Petrol,24018
Toyota,RAV4,2013,167805,Fair,Manual,Petrol,48639
Toyota,RAV4,2023,9123,Good,Automatic,Petrol,89088
Toyota,Corolla,2022,60249,Excellent,Automatic,Petrol,76451
Toyota,Camry,2023,49796,Excellent,Automatic,Petrol,67729
Toyota,Vios,2014,163768,Poor,Automatic,Petrol,18551
Toyota,Vios,2017,111763,Good,CVT,Petrol,14973
Toyota,Corolla,2017,91440,Good,Automatic,Petrol,47526
Toyota,Vios,2021,72586,Excellent,Automatic,Petrol,42185
Toyota,Vios,2020,78143,Good,Automatic,Petrol,17138
Toyota,Hilux,2022,47736,Excellent,CVT,Petrol,35428
Toyota,Corolla,2016,112559,Poor,Manual,Petrol,36495
Toyota,Vios,2010,200068,Good,CVT,Petrol,17603
Toyota,Hilux,2016,120252,Fair,CVT,Petrol,59824
Toyota,Vios,2018,107482,Good,CVT,Petrol,44529
Toyota,Camry,2024,23641,New,CVT,Petrol,43953
Toyota,Hilux,2020,46887,Good,Automatic,Petrol,43227
Toyota,Hilux,2025,1063,Like New,Automatic,Petrol,63050
Toyota,Corolla,2015,140364,Good,Automatic,Petrol,29592
Toyota,Vios,2021,47745,Good,CVT,Petrol,56248
Toyota,Vios,2016,146080,Fair,Automatic,Petrol,11452
Toyota,Hilux,2022,32952,Good,CVT,Petrol,75501
Toyota,Camry,2020,74592,Excellent,Automatic,Petrol,112027
Toyota,RAV4,2018,99439,Good,Automatic,Petrol,47590
Toyota,Corolla,2021,69100,Like New,CVT,Petrol,88236
Toyota,Corolla,2014,167536,Fair,Automatic,Petrol,11433
Toyota,Corolla,2016,115197,Poor,CVT,Petrol,15766
Toyota,Camry,2023,60608,Excellent,CVT,Petrol,88735
Toyota,Hilux,2017,114384,Good,Manual,Petrol,55903
Toyota,Corolla,2021,48085,Good,CVT,Petrol,50483
Toyota,Corolla,2014,165059,Fair,Automatic,Petrol,28741
Toyota,Hilux,2021,49865,Excellent,CVT,Petrol,118615
Toyota,RAV4,2022,44680,Good,CVT,Petrol,93164
Toyota,Corolla,2014,144171,Good,CVT,Petrol,41654
Toyota,Camry,2010,226420,Fair,Automatic,Petrol,19006
Toyota,RAV4,2023,17407,Like New,Automatic,Petrol,120222
Toyota,RAV4,2018,105708,Excellent,Automatic,Petrol,53742
Toyota,Hilux,2013,182773,Fair,Manual,Petrol,21020
Toyota,Hilux,2022,31699,Excellent,Automatic,Hybrid,35044
Toyota,Hilux,2012,192894,Fair,Manual,Petrol,16858
Toyota,Camry,2012,182447,Fair,Automatic,Petrol,55761
Toyota,RAV4,2012,189628,Fair,Automatic,Petrol,32434
Toyota,Vios,2017,125542,Good,CVT,Petrol,11901
Toyota,Camry,2017,128617,Good,CVT,Petrol,40698
Toyota,RAV4,2018,76962,Good,CVT,Petrol,29867
Toyota,Camry,2020,81404,Like New,CVT,Hybrid,142756
Toyota,Corolla,2016,117636,Good,Automatic,Petrol,38950
Toyota,RAV4,2013,177961,Fair,Automatic,Petrol,19093
Toyota,Vios,2019,77561,Poor,Automatic,Petrol,7343
Toyota,Camry,2015,150887,Excellent,CVT,Petrol,78066
Toyota,Corolla,2024,9394,New,CVT,Petrol,116890
Toyota,Hilux,2024,3335,Like New,CVT,Petrol,102752
Toyota,Hilux,2017,123068,Good,Automatic,Petrol,54521
Toyota,Camry,2023,29406,Good,CVT,Petrol,126262
Toyota,Camry,2022,1000,Good,CVT,Petrol,43177
Toyota,Hilux,2017,110239,Fair,CVT,Petrol,19760
Toyota,Corolla,2022,41022,Excellent,Automatic,Petrol,65342
Toyota,Corolla,2019,85466,Good,CVT,Petrol,70058
Toyota,Vios,2012,188183,Good,Automatic,Petrol,20023
Toyota,Corolla,2017,133639,Good,Manual,Petrol,13805
Toyota,RAV4,2015,125562,Good,Automatic,Petrol,66921
Toyota,Camry,2022,26152,Good,CVT,Petrol,60421
Toyota,Hilux,2019,96836,Good,Automatic,Petrol,57683
Toyota,Camry,2025,1000,New,Automatic,Petrol,141742
Toyota,Corolla,2022,46753,Excellent,Automatic,Petrol,53805
Toyota,RAV4,2011,192642,Poor,CVT,Petrol,21713
Toyota,RAV4,2019,92300,Good,CVT,Petrol,88820
Toyota,Corolla,2025,6788,Like New,CVT,Petrol,76257
Toyota,Camry,2018,90581,Good,Automatic,Petrol,91050
Toyota,Corolla,2014,139570,Fair,Automatic,Petrol,43070
Toyota,Camry,2012,204788,Fair,Automatic,Petrol,49578
Toyota,Vios,2017,111317,Fair,Automatic,Petrol,14113
Toyota,Vios,2025,1000,New,CVT,Petrol,68368
Toyota,Camry,2023,1000,Good,CVT,Petrol,69985
Toyota,Hilux,2017,117410,Fair,Automatic,Petrol,50147
Toyota,RAV4,2025,1000,Like New,CVT,Petrol,94026
Toyota,RAV4,2015,132752,Fair,CVT,Petrol,38779
Toyota,Corolla,2025,13598,New,Automatic,Petrol,44899
Toyota,RAV4,2020,58928,Good,CVT,Petrol,69377
Toyota,Camry,2019,80697,Poor,Automatic,Petrol,38192
Toyota,Hilux,2024,13793,Excellent,Automatic,Petrol,36915
Toyota,RAV4,2025,1000,New,CVT,Petrol,44577
Toyota,Vios,2019,76889,Good,CVT,Petrol,58721
Toyota,Corolla,2022,53683,Like New,CVT,Petrol,53397
Toyota,Hilux,2020,86469,Good,CVT,Petrol,32515
Toyota,Vios,2023,29434,Good,CVT,Petrol,57786
Toyota,Camry,2015,127979,Good,CVT,Petrol,59294
Toyota,Corolla,2019,96366,Good,CVT,Petrol,28912
Toyota,RAV4,2017,112381,Fair,Automatic,Petrol,44015
Toyota,Vios,2013,173457,Good,CVT,Petrol,19442
Toyota,RAV4,2022,47861,Excellent,Automatic,Petrol,53385
Toyota,RAV4,2019,81702,Fair,CVT,Petrol,51862
Toyota,Vios,2024,3233,New,Automatic,Petrol,20786
Toyota,RAV4,2020,62867,Like New,Automatic,Petrol,122987
Toyota,Corolla,2020,62522,Good,Automatic,Petrol,55903
Toyota,Corolla,2021,70729,Excellent,CVT,Petrol,19967
Toyota,Camry,2024,34971,Like New,CVT,Petrol,51568
Toyota,Corolla,2015,155552,Excellent,CVT,Petrol,55281
Toyota,Camry,2022,28106,Good,Automatic,Petrol,120004
Toyota,RAV4,2011,192736,Poor,Automatic,Petrol,11027
Toyota,Hilux,2025,10245,Like New,Automatic,Petrol,82832
Toyota,Camry,2020,35804,Good,CVT,Petrol,56896
Toyota,Camry,2021,64209,Excellent,CVT,Hybrid,134794
Toyota,RAV4,2015,141658,Poor,Manual,Petrol,15740
Toyota,Camry,2024,13651,Excellent,CVT,Petrol,71143
Toyota,Hilux,2022,21562,Excellent,CVT,Petrol,76842
Toyota,Hilux,2016,111629,Excellent,CVT,Petrol,93350
Toyota,RAV4,2014,157691,Fair,Automatic,Petrol,57555
Toyota,Hilux,2022,41388,Good,CVT,Petrol,107022
Toyota,Corolla,2024,4369,Like New,Automatic,Petrol,64638
Toyota,RAV4,2019,73460,Poor,CVT,Petrol,51237
Toyota,Camry,2019,71402,Fair,CVT,Petrol,101942
Toyota,RAV4,2012,173693,Fair,Manual,Petrol,21861
Toyota,Corolla,2011,214885,Fair,Automatic,Petrol,18202
Toyota,Vios,2014,125430,Poor,CVT,Petrol,9234
Toyota,Vios,2021,52284,Fair,Automatic,Petrol,28105
Toyota,Vios,2024,28378,Like New,Automatic,Petrol,17586
Toyota,Hilux,2018,73106,Fair,CVT,Petrol,44836
Toyota,Vios,2019,87901,Fair,Automatic,Petrol,23650
Toyota,Corolla,2015,141185,Good,CVT,Petrol,30182
Toyota,Hilux,2025,1000,Good,Manual,Petrol,74690
Toyota,Hilux,2013,149056,Poor,Automatic,Petrol,26510
Toyota,Hilux,2013,169421,Good,Automatic,Petrol,56041
Toyota,Hilux,2025,1000,New,CVT,Petrol,46675
Toyota,Vios,2025,1000,Good,CVT,Petrol,45151
Toyota,Vios,2023,17547,Like New,CVT,Petrol,20005
Toyota,Camry,2014,157428,Fair,CVT,Petrol,33229
Toyota,Hilux,2019,98978,Good,Automatic,Petrol,90227
Toyota,Hilux,2012,171105,Fair,Manual,Petrol,18287
Toyota,RAV4,2022,36707,Good,CVT,Petrol,124226
Toyota,Hilux,2025,17821,Good,CVT,Petrol,82770
Toyota,RAV4,2025,1000,Good,CVT,Petrol,64546
Toyota,Corolla,2019,75256,Excellent,Manual,Petrol,61198
Toyota,RAV4,2014,165289,Fair,Automatic,Petrol,60811
Toyota,Corolla,2013,156507,Fair,Automatic,Petrol,27869
Toyota,Hilux,2017,131723,Good,Manual,Petrol,25286
Toyota,Camry,2023,44190,Good,Automatic,Petrol,84553
Toyota,Vios,2018,99551,Good,CVT,Petrol,33477
Toyota,Vios,2025,2493,Good,Automatic,Petrol,28787
Toyota,RAV4,2011,193474,Fair,Automatic,Petrol,36668
Toyota,Camry,2016,132948,Good,CVT,Petrol,76118
Toyota,Camry,2015,141320,Poor,Manual,Petrol,27846
Toyota,RAV4,2013,177223,Fair,CVT,Petrol,48951
Toyota,Hilux,2010,214598,Fair,Manual,Petrol,30427
Toyota,Hilux,2021,53562,Excellent,Automatic,Petrol,122637
Toyota,Camry,2023,30511,Like New,Manual,Petrol,43168
Toyota,Vios,2018,112346,Good,CVT,Petrol,21947
Toyota,Camry,2015,156535,Fair,Automatic,Petrol,32245
Toyota,RAV4,2015,136669,Excellent,CVT,Petrol,18798
Toyota,Camry,2020,73217,Good,Automatic,Petrol,79044
Toyota,Hilux,2025,10692,New,CVT,Hybrid,86623
Toyota,Vios,2011,182995,Good,Manual,Petrol,10641
Toyota,Vios,2018,94046,Fair,Automatic,Petrol,27424
Toyota,Corolla,2022,18576,Good,CVT,Petrol,19046
Toyota,Vios,2020,72940,Good,CVT,Petrol,36951
Toyota,Vios,2013,178825,Fair,Manual,Petrol,11050
Toyota,RAV4,2017,123789,Poor,CVT,Petrol,30671
Toyota,Camry,2021,58979,Good,CVT,Petrol,61315
Toyota,Corolla,2017,102109,Good,CVT,Petrol,40558
Toyota,Camry,2011,218598,Fair,CVT,Petrol,18498
Toyota,Hilux,2020,82500,Excellent,Automatic,Petrol,65707
Toyota,Hilux,2022,43707,Good,Automatic,Petrol,48907
Toyota,RAV4,2017,122462,Good,Automatic,Petrol,50074
Toyota,Camry,2014,152904,Fair,Manual,Petrol,57701
Toyota,Hilux,2020,80181,Excellent,CVT,Petrol,111888
Toyota,Camry,2020,65009,Good,CVT,Petrol,104173
Toyota,Camry,2022,59332,Good,CVT,Hybrid,115450
Toyota,Camry,2023,22479,Good,Automatic,Petrol,42225
Toyota,Hilux,2017,104530,Fair,CVT,Petrol,69144
Toyota,Corolla,2025,7575,New,Manual,Petrol,29503
Toyota,Camry,2020,63913,Good,CVT,Petrol,96467
Toyota,Hilux,2019,73480,Good,Automatic,Petrol,67772
Toyota,Corolla,2018,106777,Fair,CVT,Petrol,41754
Toyota,Corolla,2021,45340,Like New,Automatic,Petrol,46068
Toyota,Corolla,2022,39594,Good,Automatic,Petrol,18374
Toyota,Vios,2015,141687,Good,Automatic,Petrol,34013
Toyota,Corolla,2013,167831,Poor,Manual,Petrol,11483
Toyota,Vios,2016,135163,Good,Automatic,Petrol,34402
Toyota,Vios,2023,27481,Good,Automatic,Petrol,20388
Toyota,Corolla,2018,107538,Fair,Automatic,Petrol,46189
Toyota,Corolla,2020,70549,Fair,CVT,Petrol,61783
Toyota,Hilux,2021,30904,Excellent,CVT,Petrol,80456
Toyota,Hilux,2011,196925,Poor,Manual,Petrol,27823
Toyota,RAV4,2011,204435,Good,Automatic,Petrol,45000
Toyota,Camry,2021,31382,Excellent,Automatic,Petrol,78672
Toyota,RAV4,2017,118838,Good,CVT,Petrol,86939
Toyota,Vios,2011,192798,Fair,Automatic,Petrol,15325
Toyota,Corolla,2019,91623,Good,CVT,Petrol,27910
Toyota,Vios,2014,166611,Fair,Automatic,Petrol,25067
Toyota,Hilux,2014,163041,Fair,Automatic,Petrol,39277
Toyota,Corolla,2020,64518,Like New,CVT,Petrol,21381
Toyota,Corolla,2020,49498,Good,CVT,Petrol,45592
Toyota,RAV4,2021,52354,Fair,Automatic,Petrol,65606
Toyota,Camry,2024,23516,New,CVT,Petrol,120826
Toyota,Camry,2022,20630,Excellent,Automatic,Hybrid,118748
Toyota,RAV4,2021,56166,Excellent,CVT,Petrol,103540
Toyota,RAV4,2012,178209,Fair,Manual,Petrol,15798
Toyota,Corolla,2023,1000,Excellent,Manual,Hybrid,94030
Toyota,Hilux,2013,155292,Good,Automatic,Petrol,58871
Toyota,Hilux,2021,59355,Good,CVT,Petrol,66588
Toyota,Corolla,2015,129117,Fair,Automatic,Petrol,43910
Toyota,Corolla,2021,63546,Like New,Automatic,Petrol,85057
Toyota,Vios,2022,45198,Excellent,CVT,Petrol,69627
Toyota,Corolla,2011,200519,Good,CVT,Petrol,31226
Toyota,Hilux,2020,44955,Good,CVT,Hybrid,92707
Toyota,Vios,2010,224595,Good,CVT,Petrol,6542
Toyota,Corolla,2025,6718,New,Automatic,Hybrid,66473
Toyota,Vios,2015,151683,Fair,CVT,Petrol,21675
Toyota,RAV4,2019,83349,Fair,Automatic,Petrol,47314
Toyota,Vios,2011,193093,Fair,CVT,Petrol,10290
Toyota,Camry,2012,175890,Poor,Automatic,Petrol,20083
Toyota,Vios,2010,218502,Poor,Automatic,Petrol,13080
Toyota,Vios,2018,108436,Good,Automatic,Petrol,19214
Toyota,Camry,2025,2399,Like New,CVT,Petrol,106381
Toyota,RAV4,2019,75249,Good,Automatic,Petrol,23886
Toyota,Camry,2019,65754,Fair,Automatic,Petrol,50613
Toyota,Vios,2018,119121,Good,Automatic,Petrol,43531
Toyota,Corolla,2017,113182,Fair,CVT,Petrol,24239
Toyota,RAV4,2016,145978,Excellent,Manual,Petrol,23975
Toyota,RAV4,2015,150961,Fair,Automatic,Petrol,47573
Toyota,Camry,2022,45494,Excellent,CVT,Hybrid,126902
Toyota,Corolla,2014,172518,Fair,CVT,Petrol,15368
Toyota,Hilux,2025,1000,Like New,CVT,Hybrid,60435
Toyota,Hilux,2014,153925,Fair,Manual,Petrol,38935
Toyota,RAV4,2024,18065,Good,CVT,Petrol,86584
Toyota,Camry,2011,205380,Poor,CVT,Petrol,25032
Toyota,Camry,2018,122790,Fair,Automatic,Petrol,26982
Toyota,Hilux,2013,143569,Fair,CVT,Petrol,39585
Toyota,Camry,2018,114644,Poor,Manual,Petrol,32899
Toyota,Corolla,2018,102796,Poor,Automatic,Petrol,31819
Toyota,Camry,2016,130464,Excellent,CVT,Petrol,94393
Toyota,Hilux,2020,73293,Good,CVT,Petrol,60451
Toyota,Corolla,2012,201241,Fair,Automatic,Petrol,29941
Toyota,Camry,2021,47712,Good,CVT,Petrol,101877
Toyota,RAV4,2013,144140,Fair,Automatic,Petrol,20405
Toyota,Camry,2025,20272,Like New,CVT,Hybrid,95287
Toyota,Camry,2016,125732,Good,Automatic,Petrol,91701
Toyota,Hilux,2025,1000,New,Automatic,Petrol,52997
Toyota,Camry,2011,229331,Good,Automatic,Petrol,18217
Toyota,Camry,2020,50189,Excellent,Automatic,Petrol,41064
Toyota,Vios,2013,160769,Poor,Automatic,Petrol,7536
Toyota,Corolla,2021,50984,Good,Automatic,Petrol,20890
Toyota,Hilux,2018,111073,Fair,CVT,Petrol,39783
Toyota,Vios,2021,57313,Good,CVT,Petrol,25330
Toyota,RAV4,2017,95382,Good,Automatic,Petrol,74232
Toyota,Hilux,2025,1000,New,Automatic,Petrol,92155
Toyota,Corolla,2024,21528,New,Automatic,Petrol,111496
Toyota,Hilux,2021,36197,Excellent,Automatic,Hybrid,118314
Toyota,Corolla,2024,13517,New,CVT,Hybrid,76149
Toyota,RAV4,2017,130190,Fair,CVT,Petrol,18306
Toyota,Corolla,2025,11834,New,Automatic,Petrol,64716
Toyota,Corolla,2024,14756,New,CVT,Petrol,106321
Toyota,Hilux,2015,147662,Fair,CVT,Petrol,18557
Toyota,Camry,2018,106358,Fair,Automatic,Petrol,21973
Toyota,RAV4,2014,149176,Poor,CVT,Petrol,11305
Toyota,Hilux,2013,172559,Fair,Manual,Petrol,52298
Toyota,Camry,2025,3010,New,Manual,Petrol,166611
Toyota,Camry,2024,6159,New,CVT,Petrol,63246
Toyota,Hilux,2024,22374,Excellent,CVT,Petrol,85479
Toyota,Vios,2020,71979,Excellent,CVT,Petrol,60380
Toyota,RAV4,2014,144853,Fair,Automatic,Petrol,21422
Toyota,Camry,2021,49842,Excellent,CVT,Petrol,36385
Toyota,Vios,2020,70181,Good,CVT,Petrol,16042
Toyota,Corolla,2018,95938,Fair,Automatic,Petrol,43696
Toyota,Corolla,2019,68161,Good,CVT,Petrol,34684
Toyota,Vios,2021,61512,Good,CVT,Petrol,35944
Toyota,RAV4,2023,9289,Good,CVT,Petrol,39729
Toyota,Hilux,2013,161487,Fair,Automatic,Petrol,44877
Toyota,Hilux,2022,1000,Fair,CVT,Petrol,47171
Toyota,Vios,2010,217218,Poor,Automatic,Petrol,7283
Toyota,Hilux,2024,1000,New,CVT,Petrol,94552
Toyota,RAV4,2025,1000,New,CVT,Petrol,137881
Toyota,Corolla,2021,42510,Good,Manual,Petrol,73481
Toyota,Camry,2017,110752,Fair,CVT,Petrol,78797
Toyota,RAV4,2023,7044,Good,CVT,Petrol,30898
Toyota,RAV4,2017,100305,Good,Automatic,Petrol,54453
Toyota,Corolla,2010,219364,Fair,Manual,Petrol,26159
Toyota,Camry,2011,196837,Fair,Manual,Petrol,26843
Toyota,Camry,2019,92510,Good,CVT,Petrol,103952
Toyota,Camry,2023,40570,Good,Manual,Petrol,36833
Toyota,Vios,2019,79268,Good,CVT,Petrol,19832
Toyota,Vios,2014,150188,Fair,Automatic,Petrol,12127
Toyota,Hilux,2015,163392,Fair,CVT,Petrol,49061
Toyota,Hilux,2013,188920,Poor,Automatic,Petrol,20401
Toyota,Hilux,2022,28729,Good,CVT,Petrol,60751
Toyota,Vios,2016,120088,Good,Automatic,Petrol,29675
Toyota,Camry,2014,163473,Fair,Automatic,Petrol,29121
Toyota,RAV4,2019,65805,Fair,Automatic,Petrol,93727
Toyota,RAV4,2019,63527,Good,CVT,Petrol,64844
Toyota,Vios,2013,158792,Fair,Manual,Petrol,18846
Toyota,Hilux,2024,52528,New,CVT,Petrol,90614
Toyota,RAV4,2017,108503,Good,CVT,Petrol,82837
Toyota,Corolla,2010,212723,Poor,Automatic,Petrol,7185
Toyota,RAV4,2016,117745,Good,CVT,Petrol,49112
Toyota,Vios,2013,164274,Poor,Manual,Petrol,16436
Toyota,Vios,2011,188808,Good,CVT,Petrol,7447
Toyota,Corolla,2018,102830,Poor,Automatic,Petrol,23235
Toyota,RAV4,2021,66531,Excellent,Automatic,Petrol,24841
Toyota,Camry,2012,190582,Good,Automatic,Petrol,24697
Toyota,Corolla,2021,43489,Good,Automatic,Hybrid,62009
Toyota,Vios,2012,165198,Poor,Manual,Petrol,8168
Toyota,Camry,2017,124499,Good,CVT,Petrol,31981
Toyota,Hilux,2012,178569,Good,CVT,Petrol,60216
Toyota,RAV4,2018,98964,Fair,CVT,Petrol,35188
Toyota,RAV4,2013,153000,Fair,CVT,Petrol,34622
Toyota,Camry,2022,43640,Excellent,CVT,Petrol,124333
Toyota,Camry,2016,121440,Good,CVT,Petrol,80819
Toyota,Hilux,2020,93591,Good,Automatic,Petrol,74252
Toyota,Corolla,2016,108370,Good,Automatic,Petrol,41904
Toyota,Hilux,2013,178630,Fair,Manual,Petrol,33538
Toyota,Corolla,2017,110340,Fair,CVT,Petrol,18926
Toyota,Vios,2015,142186,Good,Manual,Petrol,36570
Toyota,RAV4,2021,79603,Good,Automatic,Petrol,47473
Toyota,RAV4,2019,86339,Fair,CVT,Petrol,79594
Toyota,Corolla,2016,113232,Excellent,Automatic,Petrol,30542
Toyota,RAV4,2016,128219,Poor,CVT,Petrol,26529
Toyota,Hilux,2017,125099,Good,Automatic,Petrol,77128
Toyota,Vios,2012,206799,Fair,Automatic,Petrol,24179
Toyota,Hilux,2014,172982,Good,Automatic,Petrol,37621
Toyota,Vios,2010,208556,Fair,Automatic,Petrol,10543
Toyota,Vios,2016,123664,Fair,Automatic,Petrol,16261
Toyota,Hilux,2022,49375,Like New,CVT,Petrol,46195
Toyota,Vios,2022,30598,Fair,CVT,Petrol,35721
Toyota,RAV4,2024,27663,New,CVT,Petrol,142827
Toyota,Corolla,2013,186271,Fair,Automatic,Petrol,36988
Toyota,Corolla,2015,116129,Good,CVT,Petrol,44179
Toyota,Hilux,2017,109300,Good,Automatic,Petrol,84342
Toyota,RAV4,2011,203565,Fair,Automatic,Petrol,24645
Toyota,Camry,2024,27238,Good,CVT,Petrol,64652
Toyota,Vios,2020,86260,Excellent,CVT,Petrol,23171
Toyota,Vios,2021,60435,Excellent,Automatic,Petrol,48877
Toyota,Camry,2011,194079,Fair,Automatic,Petrol,22761
Toyota,Vios,2012,190024,Fair,Automatic,Petrol,23324
Toyota,Corolla,2019,92252,Good,CVT,Petrol,59829
Toyota,Hilux,2012,192309,Fair,Manual,Petrol,39077
Toyota,Corolla,2025,11729,New,CVT,Hybrid,67301
Toyota,Camry,2024,1540,New,Automatic,Petrol,91023
Toyota,RAV4,2015,130284,Poor,Manual,Petrol,10789
Toyota,Corolla,2013,183260,Fair,Automatic,Petrol,9504
Toyota,Hilux,2024,7432,Like New,Automatic,Petrol,112396
Toyota,Camry,2011,194294,Fair,Automatic,Petrol,39331
Toyota,Hilux,2018,95170,Fair,CVT,Petrol,28757
Toyota,Vios,2025,4073,New,Automatic,Petrol,52950
Toyota,Camry,2019,91266,Poor,CVT,Petrol,39777
Toyota,Camry,2022,51508,Excellent,CVT,Petrol,99396
Toyota,Vios,2012,192574,Fair,Automatic,Petrol,21035
Toyota,Corolla,2010,215696,Fair,CVT,Petrol,15026
Toyota,Camry,2015,151097,Fair,Automatic,Petrol,35986
Toyota,Vios,2024,13037,Excellent,CVT,Petrol,52056
Toyota,Vios,2013,156697,Good,CVT,Petrol,18784
Toyota,Vios,2024,15087,Excellent,CVT,Petrol,62654
Toyota,Hilux,2023,33068,Good,Automatic,Petrol,89173
Toyota,Corolla,2015,151361,Poor,Automatic,Petrol,29642
Toyota,Vios,2024,25714,New,Automatic,Petrol,73577
Toyota,RAV4,2019,102486,Good,Automatic,Petrol,87488
Toyota,Corolla,2016,146377,Fair,Automatic,Petrol,46221
Toyota,Hilux,2013,149479,Fair,CVT,Petrol,49968
Toyota,Vios,2021,53137,Good,CVT,Petrol,45995
Toyota,Corolla,2023,23652,Good,CVT,Petrol,67238
Toyota,Hilux,2010,223479,Good,Automatic,Petrol,28247
Toyota,Corolla,2022,48537,Excellent,CVT,Petrol,60662
Toyota,Camry,2018,84312,Good,CVT,Petrol,86128
Toyota,RAV4,2023,9882,Good,CVT,Petrol,58791
Toyota,Camry,2018,106870,Good,Automatic,Petrol,86226
Toyota,Corolla,2015,141627,Excellent,Automatic,Petrol,56367
Toyota,Hilux,2025,7012,Excellent,CVT,Petrol,132949
Toyota,Vios,2011,217127,Fair,Automatic,Petrol,21788
Toyota,Camry,2019,67869,Excellent,Automatic,Petrol,69877
Toyota,Hilux,2020,92403,Fair,CVT,Petrol,45579
Toyota,Camry,2013,189555,Poor,Automatic,Petrol,24692
Toyota,Vios,2016,125995,Good,CVT,Petrol,31508
Toyota,Hilux,2012,184794,Fair,Automatic,Petrol,24293
Toyota,RAV4,2013,171764,Fair,Manual,Petrol,45036
Toyota,Camry,2014,147361,Good,CVT,Petrol,22923
Toyota,Hilux,2021,58897,Excellent,CVT,Petrol,127140
Toyota,Vios,2019,92982,Excellent,Automatic,Petrol,16738
Toyota,RAV4,2012,196566,Fair,Manual,Petrol,41618
Toyota,RAV4,2011,197989,Fair,CVT,Petrol,13560
Toyota,Corolla,2015,161232,Good,Automatic,Petrol,42663
Toyota,Corolla,2016,135369,Fair,Automatic,Petrol,26365
Toyota,RAV4,2022,32990,Excellent,Automatic,Petrol,57932
Toyota,RAV4,2016,129981,Good,Automatic,Petrol,58794
Toyota,Corolla,2016,130270,Good,Manual,Petrol,18747
Toyota,RAV4,2020,93478,Good,Manual,Petrol,105821
Toyota,RAV4,2024,10342,Good,CVT,Petrol,81128
Toyota,RAV4,2014,124659,Fair,CVT,Petrol,34335
Toyota,Camry,2019,61953,Good,CVT,Petrol,126608
Toyota,RAV4,2024,9887,New,CVT,Petrol,116653
Toyota,Camry,2018,82906,Good,Automatic,Petrol,69599
Toyota,RAV4,2025,2249,New,CVT,Petrol,48403
Toyota,Camry,2022,43683,Excellent,Automatic,Petrol,43664
Toyota,RAV4,2025,10317,New,CVT,Hybrid,41906
Toyota,Hilux,2014,129192,Fair,Automatic,Petrol,24932
Toyota,Corolla,2012,173376,Fair,Automatic,Petrol,16721
Toyota,Camry,2024,16610,Like New,CVT,Petrol,89056
Toyota,Vios,2025,1000,New,Manual,Petrol,28699
Toyota,Vios,2020,78291,Good,Automatic,Petrol,16543
Toyota,Hilux,2025,1000,New,Automatic,Petrol,112389
Toyota,Vios,2024,14366,New,Automatic,Petrol,53430
Toyota,Vios,2023,16033,Good,CVT,Petrol,46313
Toyota,Vios,2019,80033,Good,CVT,Petrol,53859
Toyota,RAV4,2024,7378,New,Automatic,Petrol,35402
Toyota,RAV4,2013,168951,Poor,Manual,Petrol,32999
Toyota,RAV4,2012,180307,Poor,CVT,Petrol,31299
Toyota,Vios,2024,6631,Like New,CVT,Petrol,42964
Toyota,RAV4,2017,119847,Good,Manual,Petrol,65402
Toyota,Corolla,2018,82281,Good,Manual,Petrol,19227
Toyota,Hilux,2021,62025,Like New,Automatic,Petrol,111859
Toyota,Camry,2017,122348,Good,Automatic,Petrol,50508
Toyota,RAV4,2023,6218,Good,CVT,Petrol,96421
Toyota,Camry,2010,210979,Poor,CVT,Petrol,17222
Toyota,Camry,2022,37226,Good,Manual,Petrol,56031
Toyota,Corolla,2023,45118,Good,CVT,Hybrid,51870
Toyota,Corolla,2016,135027,Good,Manual,Petrol,33936
Toyota,Vios,2013,142544,Fair,Automatic,Petrol,19020
Toyota,Corolla,2018,82480,Good,Automatic,Petrol,67185
Toyota,Hilux,2015,175932,Good,Automatic,Petrol,19914
Toyota,Corolla,2022,34462,Good,Automatic,Petrol,64325
Toyota,RAV4,2014,146881,Good,Automatic,Petrol,45722
Toyota,RAV4,2022,37969,Good,Automatic,Petrol,87271
Toyota,RAV4,2015,145910,Fair,Automatic,Petrol,72077
Toyota,Vios,2022,47046,Good,CVT,Petrol,41979
Toyota,Corolla,2014,141893,Poor,Automatic,Petrol,9384
Toyota,Vios,2024,26611,New,Automatic,Petrol,52243
Toyota,Camry,2016,111886,Good,CVT,Petrol,100241
Toyota,Camry,2018,88938,Fair,Automatic,Petrol,77753
Toyota,Vios,2011,188883,Poor,Manual,Petrol,11630
Toyota,Hilux,2021,31604,Good,CVT,Petrol,98208
Toyota,Vios,2017,106303,Poor,Automatic,Petrol,10813
Toyota,Camry,2023,48235,Fair,Automatic,Petrol,30880
Toyota,Corolla,2023,47834,Good,CVT,Petrol,29287
Toyota,Corolla,2016,91792,Poor,Automatic,Petrol,19125
Toyota,Vios,2010,200057,Fair,CVT,Petrol,8428
Toyota,Vios,2025,1000,New,CVT,Petrol,30881
Toyota,Corolla,2023,18375,Good,Automatic,Petrol,57592
Toyota,Camry,2022,19714,Good,CVT,Petrol,88154
Toyota,Corolla,2018,112237,Fair,Manual,Petrol,28254
Toyota,Hilux,2017,127047,Good,CVT,Petrol,56682
Toyota,RAV4,2024,1000,Good,CVT,Petrol,93278
Toyota,Corolla,2021,46571,Good,CVT,Petrol,55672
Toyota,Camry,2013,179529,Poor,Manual,Petrol,37093
Toyota,Hilux,2012,169971,Fair,Manual,Petrol,35412
Toyota,Corolla,2013,160534,Good,Automatic,Petrol,49362
Toyota,Hilux,2024,15380,New,CVT,Petrol,141942
Toyota,Corolla,2024,10308,Like New,CVT,Petrol,57566
Toyota,Corolla,2025,24442,New,Automatic,Petrol,67225
Toyota,Vios,2016,128773,Good,Automatic,Petrol,18789
Toyota,Vios,2025,1000,Good,CVT,Petrol,36815
Toyota,Camry,2021,71542,Fair,CVT,Petrol,27935
Toyota,Vios,2016,133926,Fair,Automatic,Petrol,24246
Toyota,Hilux,2023,28988,Like New,Automatic,Petrol,117141
Toyota,RAV4,2025,7223,New,Automatic,Petrol,89109
Toyota,Vios,2021,56311,Fair,Automatic,Petrol,38592
Toyota,Hilux,2024,7970,Like New,Automatic,Petrol,94910
Toyota,Camry,2019,85358,Good,Automatic,Petrol,91448
Toyota,Vios,2023,30864,Good,Automatic,Petrol,42880
Toyota,Camry,2022,40819,Excellent,CVT,Petrol,126392
Toyota,Hilux,2013,166914,Good,Automatic,Petrol,58615
Toyota,Hilux,2012,202461,Good,Manual,Petrol,25926
Toyota,Corolla,2015,146820,Good,Automatic,Petrol,28234
Toyota,Vios,2023,24458,Fair,Automatic,Petrol,31634
Toyota,Hilux,2016,126405,Good,CVT,Petrol,33972
Toyota,Camry,2011,205252,Good,Manual,Petrol,53625
Toyota,Camry,2015,152914,Good,CVT,Petrol,31304
Toyota,Vios,2015,142089,Fair,Manual,Petrol,24832
Toyota,Vios,2025,1000,Like New,CVT,Petrol,66388
Toyota,Vios,2022,38626,Good,Automatic,Petrol,46984
Toyota,Vios,2014,168072,Good,CVT,Petrol,24287
Toyota,RAV4,2023,34969,Like New,CVT,Petrol,125517
Toyota,Hilux,2021,53612,Good,Automatic,Petrol,95328
Toyota,Hilux,2016,116977,Good,Manual,Petrol,52171
Toyota,Vios,2012,192350,Fair,Manual,Petrol,11394
Toyota,Vios,2014,140689,Fair,Automatic,Petrol,12252
Toyota,Vios,2020,97351,Excellent,CVT,Petrol,28080
Toyota,RAV4,2018,73089,Fair,CVT,Petrol,54760
Toyota,Camry,2020,88610,Good,CVT,Petrol,87761
Toyota,Camry,2014,181869,Fair,Automatic,Petrol,42424
Toyota,Hilux,2012,183854,Fair,Manual,Petrol,43913
Toyota,Hilux,2020,77592,Good,CVT,Petrol,101407
Toyota,Corolla,2024,31479,Excellent,CVT,Petrol,69332
Toyota,Corolla,2020,82458,Fair,CVT,Petrol,13747
Toyota,Vios,2014,165167,Poor,CVT,Petrol,15119
Toyota,Camry,2024,1000,New,CVT,Petrol,64642
Toyota,Camry,2011,187685,Fair,CVT,Petrol,40633
Toyota,RAV4,2014,174630,Good,CVT,Petrol,63588
Toyota,Hilux,2019,82041,Good,CVT,Petrol,38629
Toyota,Corolla,2023,25751,Like New,Automatic,Petrol,82293
Toyota,RAV4,2015,127257,Good,Automatic,Petrol,35890
Toyota,Hilux,2025,1000,New,CVT,Petrol,86541
Toyota,Corolla,2019,72638,Fair,CVT,Petrol,17821
Toyota,Corolla,2017,153957,Poor,CVT,Petrol,14171
Toyota,Corolla,2015,154024,Fair,Automatic,Petrol,33926
Toyota,RAV4,2013,152384,Good,Automatic,Petrol,54398
Toyota,Vios,2024,8404,New,CVT,Petrol,71790
Toyota,Corolla,2024,31259,New,CVT,Petrol,58969
Toyota,Corolla,2023,28994,Good,CVT,Petrol,17421
Toyota,RAV4,2017,100042,Poor,CVT,Petrol,49509
Toyota,Vios,2018,87823,Good,CVT,Petrol,41815
Toyota,Vios,2016,125889,Poor,CVT,Petrol,7790
Toyota,Hilux,2012,169304,Fair,Automatic,Petrol,37907
Toyota,RAV4,2022,31138,Excellent,Manual,Petrol,104082
Toyota,RAV4,2013,157762,Fair,Automatic,Petrol,50007
Toyota,Camry,2017,116837,Fair,Automatic,Petrol,78279
Toyota,Vios,2024,12933,Like New,CVT,Petrol,70107
Toyota,Corolla,2021,47541,Good,Automatic,Petrol,54682
Toyota,Hilux,2022,41018,Excellent,Automatic,Petrol,105187
Toyota,Corolla,2024,8664,Excellent,CVT,Petrol,103070
Toyota,RAV4,2011,193988,Fair,Automatic,Petrol,39294
Toyota,Camry,2016,135229,Good,Automatic,Petrol,40541
Toyota,Corolla,2018,89978,Good,Automatic,Petrol,27905
Toyota,RAV4,2016,151518,Excellent,CVT,Petrol,22717
Toyota,RAV4,2017,109356,Good,CVT,Petrol,55116
Toyota,RAV4,2024,41925,New,Automatic,Petrol,65427
Toyota,RAV4,2021,64865,Good,Automatic,Petrol,46977
Toyota,RAV4,2021,60342,Excellent,CVT,Petrol,58920
Toyota,Camry,2018,122800,Excellent,Manual,Petrol,30106
Toyota,RAV4,2015,157129,Good,CVT,Petrol,56919
Toyota,Camry,2019,83209,Good,CVT,Petrol,72534
Toyota,RAV4,2022,67253,Good,Automatic,Petrol,61873
Toyota,Corolla,2017,98391,Fair,Automatic,Petrol,29899
Toyota,Corolla,2023,24869,Good,Automatic,Petrol,25566
Toyota,Camry,2013,176570,Fair,Manual,Petrol,28050
Toyota,RAV4,2024,7843,Like New,Automatic,Petrol,40400
Toyota,Camry,2021,55514,Excellent,Automatic,Petrol,85010
Toyota,Corolla,2024,2505,Good,CVT,Petrol,69110
Toyota,Corolla,2022,62737,Fair,CVT,Petrol,15186
Toyota,Corolla,2018,114951,Good,Manual,Petrol,60052
Toyota,Vios,2024,6637,New,CVT,Petrol,28522
Toyota,Hilux,2010,209974,Fair,CVT,Petrol,17893
Toyota,RAV4,2016,118511,Fair,CVT,Petrol,30299
Toyota,Camry,2016,136338,Good,Automatic,Petrol,34978
Toyota,RAV4,2010,218583,Fair,CVT,Petrol,10925
Toyota,Camry,2021,83074,Good,CVT,Petrol,98882
Toyota,Vios,2021,62069,Good,Automatic,Petrol,60449
Toyota,Corolla,2017,97720,Good,CVT,Petrol,30418
Toyota,Camry,2012,170801,Poor,Automatic,Petrol,33199
Toyota,Camry,2020,59647,Like New,CVT,Hybrid,110840
Toyota,Vios,2013,179758,Fair,Automatic,Petrol,12088
Toyota,RAV4,2018,83169,Good,Automatic,Petrol,20382
Toyota,Hilux,2017,118465,Good,CVT,Petrol,78667
Toyota,RAV4,2022,48552,Excellent,CVT,Petrol,94914
Toyota,Corolla,2016,147790,Good,CVT,Petrol,42210
Toyota,RAV4,2023,20206,Like New,Automatic,Petrol,160197
Toyota,RAV4,2016,117831,Excellent,CVT,Petrol,71955
Toyota,RAV4,2021,69041,Good,CVT,Petrol,92025
Toyota,Vios,2024,1000,New,Automatic,Petrol,24511
Toyota,Corolla,2023,43221,Like New,CVT,Petrol,102427
Toyota,RAV4,2013,170829,Fair,CVT,Petrol,34260
Toyota,Camry,2021,57133,Excellent,Automatic,Petrol,122825
Toyota,Vios,2021,56866,Excellent,Automatic,Petrol,35110
Toyota,Vios,2025,12864,Excellent,CVT,Petrol,58875
Toyota,Corolla,2017,110312,Good,Manual,Petrol,55801
Toyota,Camry,2017,130683,Good,Manual,Petrol,91747
Toyota,Corolla,2020,65578,Good,Automatic,Petrol,76342
Toyota,Hilux,2025,22492,Like New,Automatic,Hybrid,107454
Toyota,Corolla,2020,55909,Good,Automatic,Petrol,81874
Toyota,Camry,2019,71244,Fair,Automatic,Petrol,24769
Toyota,Camry,2024,8689,Excellent,CVT,Petrol,73855
Toyota,Hilux,2013,164673,Poor,Automatic,Petrol,35825
Toyota,Camry,2016,128579,Good,CVT,Petrol,34983
Toyota,Camry,2021,49055,Like New,Automatic,Petrol,43535
Toyota,Hilux,2024,4393,New,Automatic,Petrol,79322
Toyota,Hilux,2013,180611,Fair,Automatic,Petrol,22990
Toyota,Vios,2012,183331,Fair,Manual,Petrol,20335
Toyota,RAV4,2023,45052,Good,Automatic,Petrol,55305
Toyota,Corolla,2020,74947,Excellent,Automatic,Petrol,30805
Toyota,RAV4,2018,82374,Fair,Automatic,Petrol,35112
Toyota,Corolla,2015,140706,Excellent,Manual,Petrol,45858
Toyota,Vios,2021,37868,Excellent,CVT,Petrol,18669
Toyota,RAV4,2025,11357,Excellent,Automatic,Petrol,126794
Toyota,Corolla,2023,34526,Excellent,CVT,Petrol,40280
Toyota,RAV4,2025,8593,New,CVT,Petrol,127544
Toyota,Camry,2014,157655,Good,Automatic,Petrol,70049
Toyota,Hilux,2011,192689,Good,Manual,Petrol,38265
Toyota,Hilux,2025,1000,New,Automatic,Petrol,45029
Toyota,Hilux,2019,74404,Fair,Manual,Petrol,43375
Toyota,Vios,2022,40001,Excellent,CVT,Petrol,54592
Toyota,Vios,2017,104788,Good,CVT,Petrol,20837
Toyota,Vios,2019,88377,Good,CVT,Petrol,22606
Toyota,RAV4,2017,104020,Good,Automatic,Petrol,33987
Toyota,Camry,2011,186740,Good,CVT,Petrol,38404
Toyota,RAV4,2022,49090,Good,Automatic,Petrol,103759
Toyota,Vios,2016,140961,Good,CVT,Petrol,26074
Toyota,Corolla,2022,23142,Excellent,Automatic,Petrol,86163
Toyota,Camry,2019,92357,Good,Automatic,Petrol,86593
Toyota,Hilux,2015,145212,Good,CVT,Petrol,39516
Toyota,Hilux,2019,81180,Good,CVT,Petrol,42961
Toyota,Camry,2024,3546,Like New,CVT,Hybrid,153099
Toyota,Hilux,2014,137005,Fair,CVT,Petrol,54607
Toyota,Corolla,2020,89534,Good,CVT,Petrol,40760
Toyota,Corolla,2025,14434,Like New,CVT,Petrol,27514
Toyota,RAV4,2025,1000,New,CVT,Petrol,54804
Toyota,Vios,2020,74758,Good,CVT,Petrol,17664
Toyota,Vios,2020,56185,Good,Automatic,Petrol,61863
Toyota,RAV4,2013,150246,Fair,Automatic,Petrol,29484
Toyota,Hilux,2019,88307,Good,CVT,Petrol,87515
Toyota,Vios,2017,122443,Fair,Automatic,Petrol,39787
Toyota,Hilux,2021,53914,Excellent,CVT,Petrol,45255
Toyota,Vios,2021,72269,Good,CVT,Petrol,56632
Toyota,RAV4,2025,1000,New,Automatic,Petrol,104772
Toyota,Corolla,2021,64909,Fair,Automatic,Petrol,13517
Toyota,Camry,2021,60252,Excellent,Automatic,Petrol,60459
Toyota,Vios,2012,173509,Fair,Manual,Petrol,18121
Toyota,Corolla,2015,162596,Excellent,CVT,Petrol,18762
Toyota,RAV4,2010,223619,Poor,CVT,Petrol,8429
Toyota,Vios,2017,126269,Good,Automatic,Petrol,11123
Toyota,Vios,2013,170183,Good,Automatic,Petrol,31071
Toyota,Hilux,2020,75997,Excellent,Automatic,Petrol,109682
Toyota,RAV4,2023,38502,Good,Automatic,Petrol,127001
Toyota,Camry,2017,130626,Excellent,Manual,Petrol,61212
Toyota,Corolla,2025,1000,Good,Automatic,Petrol,55882
Toyota,Camry,2025,11659,New,CVT,Hybrid,128048
Toyota,Vios,2011,199326,Good,Automatic,Petrol,32000
Toyota,Corolla,2012,185013,Fair,Automatic,Petrol,14697
Toyota,Vios,2013,165515,Fair,Manual,Petrol,14501
Toyota,Corolla,2024,7315,Like New,Automatic,Petrol,24890
Toyota,Hilux,2025,1000,New,Automatic,Hybrid,70551
Toyota,Camry,2025,4896,Good,Automatic,Petrol,102122
Toyota,Vios,2015,148142,Good,CVT,Petrol,43653
Toyota,Camry,2025,22862,Like New,Automatic,Petrol,168303
Toyota,Hilux,2017,97441,Fair,Automatic,Petrol,19448
Toyota,RAV4,2025,1000,Good,CVT,Petrol,75589
Toyota,RAV4,2019,87070,Fair,Automatic,Petrol,35631
Toyota,Camry,2010,196070,Good,Automatic,Petrol,60648
Toyota,Camry,2019,92252,Fair,Automatic,Petrol,50489
Toyota,Hilux,2014,129188,Poor,Automatic,Petrol,30360
Toyota,Hilux,2023,22281,Good,Automatic,Petrol,34900
Toyota,RAV4,2018,109095,Fair,Automatic,Petrol,61876
Toyota,Vios,2019,80936,Good,CVT,Petrol,32578
Toyota,RAV4,2012,181895,Good,Manual,Petrol,46438
Toyota,RAV4,2017,108643,Excellent,Manual,Petrol,43359
Toyota,Vios,2017,115946,Good,CVT,Petrol,24950
Toyota,Corolla,2016,132675,Good,Automatic,Petrol,30759
Toyota,Camry,2018,95598,Poor,Automatic,Petrol,20837
Toyota,Hilux,2022,29505,Good,Automatic,Petrol,65968
Toyota,Vios,2016,101542,Good,CVT,Petrol,45113
Toyota,Camry,2013,179724,Fair,Manual,Petrol,32409
Toyota,RAV4,2017,116413,Good,Automatic,Petrol,69436
Toyota,RAV4,2019,88778,Fair,CVT,Petrol,73547
Toyota,Vios,2020,86533,Good,CVT,Petrol,58494
Toyota,Camry,2023,9361,Excellent,CVT,Petrol,131190
Toyota,RAV4,2016,136891,Fair,Automatic,Petrol,63945
Toyota,Hilux,2010,219026,Fair,Manual,Petrol,15623
Toyota,Vios,2017,101704,Excellent,Manual,Petrol,37453
Toyota,Camry,2019,96757,Fair,Automatic,Petrol,83949
Toyota,Corolla,2024,14853,Excellent,Manual,Petrol,94616
Toyota,Corolla,2011,185585,Fair,Automatic,Petrol,26384
Toyota,Camry,2023,32545,Good,Automatic,Petrol,57754
Toyota,RAV4,2016,108851,Good,Manual,Petrol,40705
Toyota,RAV4,2017,100900,Excellent,Manual,Petrol,61191
Toyota,RAV4,2021,47915,Excellent,CVT,Petrol,42648
Toyota,Vios,2010,194281,Poor,Automatic,Petrol,13358
Toyota,Corolla,2014,175866,Fair,Automatic,Petrol,19705
Toyota,RAV4,2020,68262,Excellent,Automatic,Petrol,70437
Toyota,Vios,2020,72982,Good,CVT,Petrol,19745
Toyota,Vios,2021,62225,Fair,Automatic,Petrol,18096
Toyota,Vios,2013,168086,Poor,Manual,Petrol,9414
Toyota,Camry,2019,85583,Poor,CVT,Petrol,35822
Toyota,Camry,2015,136772,Good,CVT,Petrol,73249
Toyota,Vios,2015,146720,Fair,Automatic,Petrol,36360
Toyota,Corolla,2010,189622,Good,CVT,Petrol,15271
Toyota,Hilux,2012,185494,Poor,CVT,Petrol,31230
Toyota,Corolla,2010,226378,Poor,Automatic,Petrol,17630
Toyota,Hilux,2020,44850,Good,CVT,Petrol,82088
Toyota,RAV4,2013,176607,Fair,Automatic,Petrol,13207
Toyota,RAV4,2023,29781,Excellent,Automatic,Petrol,65932
Toyota,RAV4,2020,62180,Good,Automatic,Petrol,80350
Toyota,Camry,2013,146172,Poor,CVT,Petrol,34055
Toyota,Corolla,2020,72596,Like New,CVT,Petrol,21976
Toyota,Corolla,2020,85063,Fair,Automatic,Petrol,65186
Toyota,RAV4,2019,76266,Fair,Automatic,Petrol,29659
Toyota,Corolla,2016,119567,Poor,Manual,Petrol,17305
Toyota,Vios,2020,71214,Excellent,Automatic,Petrol,56425
Toyota,Vios,2019,85206,Good,CVT,Petrol,16177
Toyota,Hilux,2021,47663,Good,CVT,Hybrid,36306
Toyota,Camry,2011,217672,Fair,Manual,Petrol,33188
Toyota,Camry,2018,94799,Good,CVT,Petrol,101066
Toyota,Camry,2025,1000,Like New,Automatic,Petrol,96735
Toyota,Vios,2021,56327,Like New,Automatic,Petrol,48207
Toyota,RAV4,2021,55270,Fair,Automatic,Petrol,79951
Toyota,Camry,2015,148783,Good,CVT,Petrol,79287
Toyota,RAV4,2018,108186,Good,Automatic,Petrol,83645
Toyota,RAV4,2011,187198,Fair,Automatic,Petrol,49841
Toyota,Corolla,2015,139732,Good,Automatic,Petrol,35568
Toyota,Hilux,2022,32342,Excellent,CVT,Petrol,74621
Toyota,Vios,2024,25588,Excellent,CVT,Petrol,64672
Toyota,Corolla,2010,217092,Fair,Automatic,Petrol,12560
Toyota,Hilux,2025,22625,Like New,Automatic,Petrol,52730
Toyota,Camry,2016,122156,Good,Automatic,Petrol,74793
Toyota,Corolla,2024,19055,Excellent,CVT,Petrol,80065
Toyota,Hilux,2022,58196,Excellent,CVT,Petrol,124591
Toyota,Hilux,2020,89751,Good,CVT,Hybrid,118325
Toyota,Corolla,2010,227894,Fair,Manual,Petrol,15119
Toyota,Vios,2015,146122,Excellent,Automatic,Petrol,27502
Toyota,Camry,2011,199636,Poor,Automatic,Petrol,34889
Toyota,Vios,2021,52212,Fair,CVT,Petrol,48413
Toyota,RAV4,2021,80822,Like New,Automatic,Petrol,95020
Toyota,RAV4,2020,78932,Good,Automatic,Petrol,69077
Toyota,Camry,2021,49442,Excellent,CVT,Petrol,127279
Toyota,RAV4,2016,112345,Fair,CVT,Petrol,17523
Toyota,Hilux,2013,161743,Fair,Automatic,Petrol,20906
Toyota,Corolla,2022,36321,Like New,CVT,Petrol,104318
Toyota,RAV4,2025,11810,New,Automatic,Petrol,57739
Toyota,RAV4,2019,67976,Fair,CVT,Petrol,52263
Toyota,RAV4,2020,91889,Fair,Automatic,Petrol,33178
Toyota,Camry,2017,113625,Good,Automatic,Petrol,25607
Toyota,RAV4,2015,138548,Good,CVT,Petrol,49240
Toyota,Hilux,2020,82150,Excellent,CVT,Petrol,46685
Toyota,RAV4,2025,1000,New,CVT,Petrol,114431
Toyota,Vios,2014,174516,Fair,Automatic,Petrol,10040
Toyota,Vios,2022,49906,Excellent,CVT,Petrol,58549
Toyota,Vios,2021,51833,Like New,Automatic,Petrol,16937
Toyota,RAV4,2024,4605,Like New,CVT,Petrol,117370
Toyota,Hilux,2025,15593,New,Automatic,Hybrid,92014
Toyota,Hilux,2016,115558,Good,CVT,Petrol,51769
Toyota,Hilux,2012,172319,Fair,Automatic,Petrol,19269
Toyota,RAV4,2022,31367,Excellent,Manual,Petrol,27925
Toyota,Hilux,2021,63452,Fair,Automatic,Petrol,85850
Toyota,Corolla,2023,31367,Good,CVT,Petrol,80029
Toyota,Vios,2024,1000,Like New,Automatic,Petrol,83081
Toyota,Camry,2021,27294,Good,CVT,Petrol,31964
Toyota,Camry,2014,161102,Fair,Automatic,Petrol,18100
Toyota,RAV4,2018,97679,Good,Automatic,Petrol,29775
Toyota,Corolla,2012,159992,Fair,CVT,Petrol,37099
Toyota,Camry,2021,74011,Good,Automatic,Petrol,95203
Toyota,Hilux,2010,206701,Fair,Automatic,Petrol,14923
Toyota,Camry,2012,181228,Fair,Automatic,Petrol,38587
Toyota,Hilux,2011,187817,Good,Manual,Petrol,31294
Toyota,Hilux,2016,147611,Good,Automatic,Petrol,41660
Toyota,Camry,2013,176527,Fair,Manual,Petrol,48418
Toyota,Hilux,2014,159499,Fair,Automatic,Petrol,21797
Toyota,Camry,2025,10113,Excellent,CVT,Petrol,105271
Toyota,RAV4,2021,58381,Good,CVT,Petrol,101458
Toyota,Vios,2012,180231,Fair,Manual,Petrol,17135
Toyota,Vios,2022,19977,Good,Automatic,Petrol,55537
Toyota,Corolla,2025,17278,Good,CVT,Petrol,23965
Toyota,Corolla,2024,14402,Like New,Automatic,Petrol,63711
Toyota,Hilux,2021,51790,Good,CVT,Petrol,56090
Toyota,RAV4,2022,46372,Good,CVT,Petrol,35473
Toyota,Hilux,2012,170823,Fair,Manual,Petrol,18374
Toyota,Vios,2018,98040,Good,Automatic,Petrol,35484
Toyota,Vios,2012,159447,Fair,Automatic,Petrol,21264
Toyota,Hilux,2012,192337,Good,Automatic,Petrol,40299
Toyota,Hilux,2020,48464,Excellent,Automatic,Petrol,101522
Toyota,Camry,2010,220167,Fair,CVT,Petrol,47373
Toyota,Vios,2010,206581,Fair,Manual,Petrol,12040
Toyota,Corolla,2018,120209,Fair,CVT,Petrol,23633
Toyota,Corolla,2018,120691,Good,Automatic,Petrol,37306
Toyota,Corolla,2020,72148,Excellent,Automatic,Petrol,23911
Toyota,Hilux,2017,98942,Fair,CVT,Petrol,30600
Toyota,Vios,2014,167681,Fair,Automatic,Petrol,30797
Toyota,Camry,2023,22232,Good,Automatic,Petrol,70340
Toyota,Hilux,2025,16229,New,CVT,Petrol,45794
Toyota,Hilux,2014,166896,Fair,CVT,Petrol,15627
Toyota,Camry,2013,176807,Fair,Automatic,Petrol,31504
Toyota,Corolla,2022,30751,Good,CVT,Petrol,67448
Toyota,Vios,2021,48366,Good,CVT,Petrol,18102
Toyota,Corolla,2023,5963,Like New,CVT,Petrol,25449
Toyota,Vios,2025,3727,Excellent,CVT,Petrol,25568
Toyota,Hilux,2015,145189,Poor,Automatic,Petrol,41834
Toyota,Vios,2018,73611,Fair,Automatic,Petrol,40270
Toyota,Vios,2020,58175,Good,Automatic,Petrol,30167
Toyota,Camry,2021,63513,Excellent,CVT,Petrol,42086
Toyota,Vios,2022,47701,Excellent,Manual,Petrol,50120
Toyota,Vios,2019,88157,Good,Automatic,Petrol,28178
Toyota,Camry,2021,47512,Good,CVT,Petrol,69197
Toyota,Camry,2020,95018,Like New,Automatic,Petrol,106557
Toyota,Camry,2016,105792,Good,Automatic,Petrol,65919
Toyota,Hilux,2012,185887,Good,Manual,Petrol,49062
Toyota,RAV4,2013,168974,Poor,Automatic,Petrol,24896
Toyota,Hilux,2020,68586,Like New,CVT,Petrol,45819
Toyota,Corolla,2022,40430,Good,CVT,Petrol,21830
Toyota,RAV4,2023,34190,Good,CVT,Petrol,64818
Toyota,Hilux,2017,120354,Fair,CVT,Petrol,65723
Toyota,Corolla,2022,43017,Good,CVT,Petrol,70582
Toyota,Hilux,2013,181316,Poor,Automatic,Petrol,15372
Toyota,RAV4,2017,103733,Poor,Manual,Petrol,34746
Toyota,Hilux,2025,1000,Excellent,Manual,Petrol,94904
Toyota,Vios,2024,31785,New,CVT,Petrol,41643
Toyota,Vios,2015,151209,Good,Automatic,Petrol,29238
Toyota,Corolla,2016,142136,Good,CVT,Petrol,15295
Toyota,Hilux,2023,58918,Fair,CVT,Petrol,103418
Toyota,Corolla,2010,223299,Poor,CVT,Petrol,17910
Toyota,Hilux,2020,52942,Excellent,CVT,Petrol,97980
Toyota,Corolla,2019,82284,Good,CVT,Petrol,33198
Toyota,Vios,2019,74088,Fair,Manual,Petrol,28526
Toyota,Vios,2022,48886,Good,Automatic,Petrol,56627
Toyota,Camry,2019,73801,Good,Automatic,Petrol,57771
Toyota,Camry,2020,72521,Excellent,Automatic,Petrol,106303
Toyota,Hilux,2015,144874,Good,Automatic,Petrol,72199
Toyota,Corolla,2025,5228,Good,CVT,Petrol,65572
Toyota,Corolla,2022,31179,Excellent,Automatic,Petrol,46026
Toyota,RAV4,2020,78271,Excellent,CVT,Petrol,84652
Toyota,Hilux,2018,96292,Fair,Manual,Petrol,36048
Toyota,Hilux,2024,19050,Like New,CVT,Petrol,138145
Toyota,Camry,2010,228744,Good,Manual,Petrol,34766
Toyota,Vios,2021,48954,Excellent,CVT,Petrol,58476
Toyota,Camry,2014,126624,Good,Manual,Petrol,51139
Toyota,Hilux,2013,146015,Good,Manual,Petrol,61986
Toyota,Vios,2020,100186,Good,Automatic,Petrol,21214
Toyota,Hilux,2023,40817,Excellent,Automatic,Petrol,43313
Toyota,Hilux,2024,15722,New,CVT,Petrol,141667
Toyota,RAV4,2012,184711,Good,Manual,Petrol,38943
Toyota,Camry,2018,106209,Poor,CVT,Petrol,57779
Toyota,RAV4,2024,46767,New,Automatic,Petrol,73584
Toyota,Hilux,2015,135700,Poor,Automatic,Petrol,39356
Toyota,Hilux,2022,22613,Good,CVT,Petrol,92009
Toyota,RAV4,2017,113705,Fair,Automatic,Petrol,43256
Toyota,Vios,2022,43305,Good,CVT,Petrol,59002
Toyota,RAV4,2018,81373,Good,Automatic,Petrol,39312
Toyota,RAV4,2016,130579,Fair,Automatic,Petrol,33305
Toyota,Hilux,2012,192911,Fair,Automatic,Petrol,26094
Toyota,RAV4,2020,67429,Good,CVT,Petrol,80864
Toyota,RAV4,2023,23261,Excellent,CVT,Petrol,82650
Toyota,Vios,2021,33880,Like New,CVT,Petrol,73041
Toyota,Hilux,2013,161205,Poor,CVT,Petrol,10081
Toyota,Camry,2012,168932,Good,Manual,Petrol,49289
Toyota,Hilux,2021,66527,Excellent,Automatic,Petrol,87392
Toyota,Vios,2016,128706,Good,CVT,Petrol,29523
Toyota,Camry,2022,38977,Excellent,CVT,Petrol,128322
Toyota,Hilux,2020,76402,Excellent,CVT,Petrol,59759
Toyota,Vios,2025,1000,Like New,Automatic,Petrol,75042
Toyota,Vios,2025,1000,New,CVT,Petrol,47138
Toyota,Corolla,2013,168856,Good,Automatic,Petrol,24159
Toyota,Vios,2010,194832,Good,Automatic,Petrol,30088
Toyota,Hilux,2013,162585,Good,CVT,Petrol,54446
Toyota,Vios,2025,4124,New,CVT,Petrol,90000
Toyota,Hilux,2024,2587,Good,Automatic,Petrol,60285
Toyota,Corolla,2019,59389,Fair,CVT,Petrol,35235
Toyota,Corolla,2013,191422,Poor,Manual,Petrol,9806
Toyota,RAV4,2015,153615,Good,Automatic,Petrol,52526
Toyota,Hilux,2012,188501,Good,Automatic,Petrol,38538
Toyota,RAV4,2016,117797,Good,CVT,Petrol,91652
Toyota,Hilux,2019,59898,Good,CVT,Petrol,71201
Toyota,Camry,2023,14427,Good,CVT,Petrol,64706
Toyota,Corolla,2022,34773,Excellent,Automatic,Hybrid,24337
Toyota,Hilux,2025,13343,Like New,CVT,Hybrid,127383
Toyota,Corolla,2025,9742,New,Automatic,Petrol,110932
Toyota,Vios,2019,70640,Fair,Automatic,Petrol,21403
Toyota,Corolla,2020,51126,Excellent,CVT,Petrol,54049
Toyota,Camry,2010,207234,Good,Automatic,Petrol,57142
Toyota,Hilux,2018,96254,Fair,CVT,Petrol,48195
Toyota,Hilux,2010,228622,Poor,Manual,Petrol,14316
Toyota,Camry,2021,66798,Good,CVT,Petrol,56255
Toyota,RAV4,2012,191661,Good,Manual,Petrol,23307
Toyota,Corolla,2023,8909,Excellent,CVT,Petrol,73194
Toyota,Hilux,2016,131542,Fair,Automatic,Petrol,59168
Toyota,Vios,2013,163795,Fair,Automatic,Petrol,29333
Toyota,Corolla,2023,52422,Excellent,Automatic,Petrol,67913
Toyota,RAV4,2012,185803,Fair,Automatic,Petrol,34221
Toyota,Hilux,2015,153965,Poor,CVT,Petrol,28125
Toyota,Camry,2013,161370,Fair,CVT,Petrol,64442
Toyota,Corolla,2015,145854,Fair,Automatic,Petrol,46344
Toyota,Vios,2021,50267,Good,Automatic,Petrol,26669
Toyota,Camry,2021,68544,Good,CVT,Petrol,58184
Toyota,Vios,2015,137405,Fair,Manual,Petrol,27730
Toyota,RAV4,2025,1000,New,CVT,Hybrid,121582
Toyota,RAV4,2015,142499,Good,Automatic,Petrol,64807
Toyota,Vios,2020,73427,Excellent,Automatic,Petrol,49496
Toyota,RAV4,2021,45401,Like New,CVT,Petrol,114564
Toyota,Corolla,2019,91996,Good,CVT,Petrol,40976
Toyota,Corolla,2018,94718,Excellent,Automatic,Petrol,56294
Toyota,Hilux,2010,216580,Poor,Automatic,Petrol,26937
Toyota,Corolla,2023,39232,Like New,Automatic,Petrol,48249
Toyota,Vios,2023,27312,Like New,Automatic,Petrol,27869
Toyota,Vios,2010,198718,Poor,Automatic,Petrol,12030
Toyota,RAV4,2021,69278,Good,CVT,Hybrid,61354
Toyota,Vios,2021,65042,Good,Automatic,Petrol,27960
Toyota,Hilux,2023,11427,Fair,Manual,Petrol,91496
Toyota,Hilux,2024,18701,Like New,Automatic,Hybrid,123317
Toyota,Corolla,2024,1786,New,CVT,Petrol,111211
Toyota,RAV4,2011,206646,Fair,Automatic,Petrol,42582
Toyota,Vios,2016,130285,Good,Automatic,Petrol,28312
Toyota,Camry,2017,111567,Good,CVT,Petrol,50963
Toyota,Vios,2025,2510,Excellent,Manual,Petrol,16814
Toyota,Vios,2023,29943,Good,CVT,Petrol,33779
Toyota,Camry,2010,211629,Good,Manual,Petrol,32172
Toyota,RAV4,2013,151747,Fair,CVT,Petrol,15761
Toyota,Hilux,2017,112377,Poor,CVT,Petrol,38353
Toyota,Corolla,2025,1000,New,CVT,Petrol,96453
Toyota,Camry,2025,2862,Excellent,CVT,Petrol,96446
Toyota,Hilux,2024,1544,New,Automatic,Petrol,46550
Toyota,Corolla,2015,153009,Good,CVT,Petrol,48669
Toyota,Camry,2024,10344,New,Automatic,Petrol,106238
Toyota,Camry,2013,145206,Fair,Automatic,Petrol,32888
Toyota,RAV4,2023,13531,Good,CVT,Petrol,106390
Toyota,Camry,2022,34474,Excellent,Automatic,Petrol,113477
Toyota,Camry,2020,70211,Excellent,CVT,Petrol,82704
Toyota,Hilux,2024,1000,New,CVT,Petrol,37763
Toyota,Hilux,2025,1000,New,Automatic,Petrol,73599
Toyota,RAV4,2018,88908,Excellent,Automatic,Petrol,57315
Toyota,Camry,2018,100604,Fair,Automatic,Petrol,33132
Toyota,Hilux,2023,34211,Good,Automatic,Petrol,76040
Toyota,Camry,2024,1000,Like New,CVT,Petrol,129557
Toyota,Camry,2015,116740,Good,Automatic,Petrol,55990
Toyota,Camry,2024,1822,New,CVT,Petrol,175185
Toyota,Hilux,2025,1000,New,Automatic,Petrol,68254
Toyota,Camry,2025,7107,Like New,Automatic,Petrol,117916
Toyota,Hilux,2023,43105,Like New,CVT,Petrol,79698
Toyota,Camry,2019,87146,Fair,Automatic,Petrol,40264
Toyota,Camry,2021,56777,Like New,Automatic,Hybrid,77336
Toyota,Hilux,2016,115738,Poor,Automatic,Petrol,26624
Toyota,Corolla,2021,31751,Excellent,CVT,Petrol,34966
Toyota,Vios,2018,99747,Good,CVT,Petrol,57190
Toyota,Hilux,2019,108847,Fair,CVT,Petrol,34670
Toyota,Camry,2025,4774,New,CVT,Petrol,122021
Toyota,Camry,2015,157220,Fair,CVT,Petrol,36114
Toyota,RAV4,2015,107039,Fair,Automatic,Petrol,69165
Toyota,RAV4,2020,60388,Good,CVT,Petrol,95026
Toyota,Hilux,2011,201117,Fair,Automatic,Petrol,48666
Toyota,Vios,2025,1000,New,Automatic,Petrol,51899
Toyota,Corolla,2017,89033,Good,CVT,Petrol,24919
Toyota,RAV4,2023,28682,Fair,CVT,Petrol,28224
Toyota,RAV4,2020,41941,Excellent,Automatic,Petrol,87909
Toyota,Corolla,2015,132720,Fair,Automatic,Petrol,33234
Toyota,RAV4,2011,187482,Good,Manual,Petrol,34566
Toyota,Hilux,2023,29229,Good,CVT,Hybrid,76821
Toyota,Hilux,2022,35518,Fair,Manual,Petrol,42714
Toyota,Camry,2018,96900,Fair,CVT,Petrol,60224
Toyota,Camry,2019,91273,Good,CVT,Petrol,42317
Toyota,RAV4,2014,157452,Fair,CVT,Petrol,61451
Toyota,Camry,2025,5487,Excellent,CVT,Petrol,58422
Toyota,Camry,2024,16292,New,CVT,Petrol,166271
Toyota,Vios,2022,30587,Good,Automatic,Petrol,46144
Toyota,RAV4,2018,102155,Good,Automatic,Petrol,97166
Toyota,Corolla,2012,188591,Fair,CVT,Petrol,12729
Toyota,Camry,2020,89369,Good,CVT,Petrol,73181
Toyota,Hilux,2021,48130,Excellent,Automatic,Petrol,35374
Toyota,Hilux,2016,102934,Good,CVT,Petrol,81388
Toyota,RAV4,2020,57922,Good,Automatic,Petrol,91140
Toyota,RAV4,2023,35254,Excellent,CVT,Petrol,90516
Toyota,Vios,2012,191138,Fair,CVT,Petrol,20195
Toyota,Vios,2021,36084,Good,Automatic,Petrol,15574
Toyota,Hilux,2025,8420,Like New,CVT,Petrol,51939
Toyota,Vios,2021,66558,Like New,Automatic,Petrol,23177
Toyota,Hilux,2021,56129,Good,CVT,Petrol,74556
Toyota,Vios,2011,181783,Fair,CVT,Petrol,21859
Toyota,Corolla,2019,93082,Fair,CVT,Petrol,14088
Toyota,Corolla,2025,1000,Excellent,Automatic,Petrol,74144
Toyota,Corolla,2025,11759,Like New,CVT,Petrol,43049
Toyota,Corolla,2024,1000,Good,CVT,Petrol,34472
Toyota,Camry,2013,172026,Good,Automatic,Petrol,27850
Toyota,Hilux,2025,1000,Excellent,Manual,Hybrid,63194
Toyota,Camry,2025,1000,New,CVT,Petrol,180000
Toyota,Hilux,2017,95182,Good,Automatic,Petrol,53291
Toyota,Camry,2020,76990,Good,CVT,Petrol,85667
Toyota,Vios,2019,80068,Fair,Automatic,Petrol,22064
Toyota,Vios,2012,182087,Poor,Automatic,Petrol,6988
Toyota,Hilux,2013,168069,Good,Manual,Petrol,60532
Toyota,Corolla,2013,144842,Fair,Manual,Petrol,40484
Toyota,Corolla,2012,185165,Fair,CVT,Petrol,20275
Toyota,Vios,2017,106951,Good,CVT,Petrol,47299
Toyota,RAV4,2019,103378,Good,CVT,Petrol,44417
Toyota,Vios,2023,50950,Excellent,CVT,Petrol,18587
Toyota,RAV4,2021,45440,Fair,Automatic,Petrol,36690
Toyota,Hilux,2014,148712,Fair,Automatic,Petrol,31197
Toyota,RAV4,2023,1000,Excellent,CVT,Petrol,145037
Toyota,Corolla,2020,71545,Fair,Automatic,Petrol,28406
Toyota,Camry,2023,25451,Fair,Automatic,Petrol,77485
Toyota,Corolla,2020,87393,Like New,CVT,Petrol,63062
Toyota,Hilux,2011,206216,Fair,Manual,Petrol,41427
Toyota,Corolla,2019,62992,Good,CVT,Petrol,30670
Toyota,RAV4,2019,94251,Good,CVT,Petrol,89906
Toyota,Corolla,2020,71891,Excellent,CVT,Petrol,75546
Toyota,RAV4,2014,136430,Fair,CVT,Petrol,25081
Toyota,Vios,2023,23620,Excellent,CVT,Petrol,25849
Toyota,Vios,2016,123005,Fair,CVT,Petrol,38360
Toyota,Camry,2022,38879,Excellent,CVT,Petrol,109812
Toyota,Corolla,2012,188974,Fair,Manual,Petrol,16232
Toyota,Camry,2017,103484,Fair,CVT,Petrol,55235
Toyota,Hilux,2013,159360,Fair,Automatic,Petrol,30712
Toyota,Camry,2012,192582,Poor,Automatic,Petrol,29780
Toyota,Hilux,2011,215942,Poor,Manual,Petrol,9206
Toyota,Hilux,2015,138056,Good,CVT,Petrol,28987
Toyota,Hilux,2023,23753,Excellent,CVT,Petrol,47629
Toyota,Vios,2019,90436,Poor,Manual,Petrol,20773
Toyota,Vios,2022,26457,Good,Automatic,Petrol,37897
Toyota,RAV4,2017,100714,Good,CVT,Petrol,51725
Toyota,Camry,2025,13121,Good,CVT,Petrol,60886
Toyota,Hilux,2015,137455,Good,Automatic,Petrol,73208
Toyota,Vios,2015,135140,Fair,CVT,Petrol,7842
Toyota,RAV4,2024,30318,Like New,Automatic,Petrol,107421
Toyota,Camry,2017,130247,Excellent,CVT,Petrol,27405
Toyota,RAV4,2018,89470,Good,Automatic,Petrol,37887
Toyota,Vios,2025,1000,New,Automatic,Petrol,75012
Toyota,Vios,2020,81244,Excellent,Automatic,Petrol,21055
Toyota,Corolla,2022,30014,Fair,CVT,Petrol,70731
Toyota,Camry,2024,1000,Excellent,Automatic,Petrol,128931
Toyota,Corolla,2023,34064,Good,CVT,Petrol,58788
Toyota,Vios,2025,1000,New,Automatic,Petrol,72271
Toyota,RAV4,2023,13555,Fair,CVT,Petrol,30883
Toyota,Vios,2023,29178,Good,Manual,Petrol,55332
Toyota,Camry,2021,47559,Good,Automatic,Petrol,116793
Toyota,Hilux,2025,1000,Good,Automatic,Petrol,74096
Toyota,RAV4,2015,143200,Fair,Automatic,Petrol,34143
Toyota,Camry,2019,96913,Good,CVT,Petrol,49263
Toyota,Hilux,2021,63398,Like New,CVT,Petrol,99378
Toyota,Camry,2024,13384,Like New,CVT,Hybrid,50868
Toyota,RAV4,2023,10807,Good,Automatic,Hybrid,83884
Toyota,Vios,2019,81245,Good,Automatic,Petrol,22244
Toyota,RAV4,2022,39098,Excellent,Manual,Petrol,68659
Toyota,Camry,2014,167866,Fair,Automatic,Petrol,31366
Toyota,Camry,2021,55345,Good,CVT,Petrol,54363
Toyota,Hilux,2010,219544,Poor,Manual,Petrol,24867
Toyota,Corolla,2017,93931,Good,Automatic,Petrol,32107
Toyota,RAV4,2020,73191,Like New,Automatic,Petrol,68033
Toyota,Camry,2019,47862,Poor,Automatic,Petrol,46682
Toyota,Corolla,2011,200518,Fair,Automatic,Petrol,18715
Toyota,Vios,2015,146670,Fair,Automatic,Petrol,23891
Toyota,Corolla,2012,171573,Fair,Automatic,Petrol,13889
Toyota,Hilux,2020,66620,Good,CVT,Petrol,88968
Toyota,Corolla,2016,118387,Good,Manual,Petrol,13590
Toyota,RAV4,2012,183546,Fair,Automatic,Petrol,13098
Toyota,Hilux,2017,97054,Good,Automatic,Petrol,28152
Toyota,Corolla,2014,146124,Fair,Automatic,Petrol,14992
Toyota,RAV4,2015,144472,Excellent,Automatic,Petrol,82647
Toyota,Corolla,2012,180621,Fair,Automatic,Petrol,31199
Toyota,RAV4,2024,1000,Like New,CVT,Petrol,90995
Toyota,Vios,2021,67350,Fair,CVT,Petrol,32333
Toyota,RAV4,2014,157331,Fair,Manual,Petrol,48429
Toyota,Hilux,2010,229033,Good,CVT,Petrol,23144
Toyota,Vios,2019,93169,Excellent,Automatic,Petrol,18460
Toyota,Corolla,2022,26537,Good,CVT,Petrol,45962
Toyota,Hilux,2018,85789,Good,CVT,Petrol,73097
Toyota,Corolla,2016,125204,Good,CVT,Petrol,61680
Toyota,Vios,2022,37932,Excellent,CVT,Petrol,60212
Toyota,Hilux,2016,133911,Poor,Automatic,Petrol,48290
Toyota,Hilux,2014,141320,Fair,CVT,Petrol,60948
Toyota,Hilux,2015,153986,Poor,Automatic,Petrol,42591
Toyota,RAV4,2023,33339,Like New,CVT,Petrol,66282
Toyota,Hilux,2010,227346,Fair,Manual,Petrol,20323
